dataset,model,accuracy,precision,recall,f1,roc_auc
full,Random Forest,0.9493670886075949,0.9655172413793104,0.9032258064516129,0.9333333333333333,0.9959677419354839
full,Logistic Regression,0.9113924050632911,1.0,0.7741935483870968,0.8727272727272727,0.9596774193548386
strict,Random Forest,0.8354430379746836,0.875,0.6774193548387096,0.7636363636363637,0.9065860215053764
strict,Logistic Regression,0.8481012658227848,0.88,0.7096774193548387,0.7857142857142857,0.8891129032258064
